date,objective,value,total_no
"2023-12-19 10:12:03","Lorem ipsum dolor sit.","Lorem ipsum dolor sit.",1010206385
"2023-12-19 10:12:03","Lorem ipsum dolor sit.","Lorem ipsum dolor sit.",2038457865
"2023-12-19 10:12:03","Lorem ipsum dolor sit.","Lorem ipsum dolor sit.",866213552
"2023-12-19 10:12:03","Lorem ipsum dolor sit.","Lorem ipsum dolor sit.",2126246601
"2023-12-19 10:12:03","Lorem ipsum dolor sit.","Lorem ipsum dolor sit.",511867055
"2023-12-19 10:12:03","Lorem ipsum dolor sit.","Lorem ipsum dolor sit.",907690851
"2023-12-19 10:12:03","Lorem ipsum dolor sit.","Lorem ipsum dolor sit.",1698987620
"2023-12-19 10:12:03","Lorem ipsum dolor sit.","Lorem ipsum dolor sit.",40446218
"2023-12-19 10:12:03","Lorem ipsum dolor sit.","Lorem ipsum dolor sit.",1323766981
"2023-12-19 10:12:03","Lorem ipsum dolor sit.","Lorem ipsum dolor sit.",579978591
"2023-12-19 10:12:03","Lorem ipsum dolor sit.","Lorem ipsum dolor sit.",1406342665
"2023-12-19 10:12:03","Lorem ipsum dolor sit.","Lorem ipsum dolor sit.",781061974
